0,0,0,0,0
0.001,0.285261627066983,0.285261627066983,0.285261627066983,0.285261627066983
0.002,0.285235370794285,0.285235370794285,0.285235370794285,0.285235370794285
0.01,0.285025649442743,0.285025649442743,0.285025649442743,0.285025649442743
0.074,0.283369101804449,0.283369101804449,0.283369101804449,0.283369101804449
0.586,0.271559163160655,0.271559163160655,0.271559163160655,0.271559163160655
1.24763420617985,0.26047000073903,0.26047000073903,0.26047000073903,0.26047000073903
1.8619850311575,0.254697118834501,0.254697118834501,0.254697118834501,0.254697118834501
2.46175832849123,0.253261314726864,0.253261314726864,0.253261314726864,0.253261314726864
3.06153162582496,0.255706335678513,0.255706335678513,0.255706335678513,0.255706335678513
3.66130492315868,0.261587737467877,0.261587737467877,0.261587737467877,0.261587737467877
4.39631848042885,0.272702176114697,0.272702176114697,0.272702176114697,0.272702176114697
5.29458139987015,0.290777800632284,0.290777800632284,0.290777800632284,0.290777800632284
6.19284431931146,0.312297959639151,0.312297959639151,0.312297959639151,0.312297959639151
7.09110723875276,0.335945120375506,0.335945120375506,0.335945120375506,0.335945120375506
7.98937015819407,0.360642924556497,0.360642924556497,0.360642924556497,0.360642924556497
9.11197927250739,0.391592900573896,0.391592900573896,0.391592900573896,0.391592900573896
10.2345883868207,0.421125015225622,0.421125015225622,0.421125015225622,0.421125015225622
11.357197501134,0.447701561164846,0.447701561164846,0.447701561164846,0.447701561164846
12.368771308357,0.467897820100589,0.467897820100589,0.467897820100589,0.467897820100589
13.344567293895,0.483025606047288,0.483025606047288,0.483025606047288,0.483025606047288
14.2994930654745,0.492877169057449,0.492877169057449,0.492877169057449,0.492877169057449
15.2528755350189,0.497117074139703,0.497117074139703,0.497117074139703,0.497117074139703
16.2062580045633,0.495155349527098,0.495155349527098,0.495155349527098,0.495155349527098
17.1596404741077,0.486515766545045,0.486515766545045,0.486515766545045,0.486515766545045
18.1130229436521,0.470949236343337,0.470949236343337,0.470949236343337,0.470949236343337
19.058831342916,0.448795053385449,0.448795053385449,0.448795053385449,0.448795053385449
19.9555054592613,0.422255226472942,0.422255226472942,0.422255226472942,0.422255226472942
20.7885666395822,0.393853885616239,0.393853885616239,0.393853885616239,0.393853885616239
21.5686014937616,0.365365250264818,0.365365250264818,0.365365250264818,0.365365250264818
22.3030732079783,0.338353434972908,0.338353434972908,0.338353434972908,0.338353434972908
22.9915812685059,0.314292577572679,0.314292577572679,0.314292577572679,0.314292577572679
23.6385784701155,0.294028705572697,0.294028705572697,0.294028705572697,0.294028705572697
24.2614139083214,0.277672845272085,0.277672845272085,0.277672845272085,0.277672845272085
24.8818971024028,0.265223122845254,0.265223122845254,0.265223122845254,0.265223122845254
25.5022768622943,0.257099217642198,0.257099217642198,0.257099217642198,0.257099217642198
26.1075561265589,0.253493868055436,0.253493868055436,0.253493868055436,0.253493868055436
26.7078812609458,0.253989306551868,0.253989306551868,0.253989306551868,0.253989306551868
27.3082063953327,0.258172652883367,0.258172652883367,0.258172652883367,0.258172652883367
27.9085315297196,0.265545509685126,0.265545509685126,0.265545509685126,0.265545509685126
28.7059288374864,0.279337308269635,0.279337308269635,0.279337308269635,0.279337308269635
29.6774132791544,0.30069417486862,0.30069417486862,0.30069417486862,0.30069417486862
30.6353890366184,0.324951806020316,0.324951806020316,0.324951806020316,0.324951806020316
31.5933647940823,0.350938297774897,0.350938297774897,0.350938297774897,0.350938297774897
32.5513405515462,0.377467658530868,0.377467658530868,0.377467658530868,0.377467658530868
33.7123644018366,0.408853705924384,0.408853705924384,0.408853705924384,0.408853705924384
34.8733882521271,0.437769245829295,0.437769245829295,0.437769245829295,0.437769245829295
35.9382665458419,0.460698251008991,0.460698251008991,0.460698251008991,0.460698251008991
36.9158026031357,0.477648064166631,0.477648064166631,0.477648064166631,0.477648064166631
37.8756591709741,0.489606295803585,0.489606295803585,0.489606295803585,0.489606295803585
38.8283414982145,0.496141892354628,0.496141892354628,0.496141892354628,0.496141892354628
39.7810238254549,0.496714465941689,0.496714465941689,0.496714465941689,0.496714465941689
40.7337061526954,0.490787846966797,0.490787846966797,0.490787846966797,0.490787846966797
41.6863884799358,0.478007851633081,0.478007851633081,0.478007851633081,0.478007851633081
42.6390708071762,0.458333868528884,0.458333868528884,0.458333868528884,0.458333868528884
43.5579553513959,0.433256271231745,0.433256271231745,0.433256271231745,0.433256271231745
44.4178509353728,0.4052857075341,0.4052857075341,0.4052857075341,0.4052857075341
45.2173549568699,0.376654396548555,0.376654396548555,0.376654396548555,0.376654396548555
45.9704067131334,0.348840273516133,0.348840273516133,0.348840273516133,0.348840273516133
46.6772287794273,0.323457336461309,0.323457336461309,0.323457336461309,0.323457336461309
47.339084322416,0.301643922914061,0.301643922914061,0.301643922914061,0.301643922914061
47.9687602882159,0.283741333458711,0.283741333458711,0.283741333458711,0.283741333458711
48.5882084576993,0.269706861048056,0.269706861048056,0.269706861048056,0.269706861048056
49.2076566271827,0.259825864136622,0.259825864136622,0.259825864136622,0.259825864136622
49.8195672753391,0.254429939471368,0.254429939471368,0.254429939471368,0.254429939471368
50.4189661401862,0.253319048130146,0.253319048130146,0.253319048130146,0.253319048130146
51.0183650050332,0.256053944200706,0.256053944200706,0.256053944200706,0.256053944200706
51.6177638698803,0.26218093380025,0.26218093380025,0.26218093380025,0.26218093380025
52.3618322727416,0.27370383869796,0.27370383869796,0.27370383869796,0.27370383869796
53.2741837225316,0.292357363041403,0.292357363041403,0.292357363041403,0.292357363041403
54.1865351723216,0.314448055534617,0.314448055534617,0.314448055534617,0.314448055534617
55.0988866221116,0.338619996026394,0.338619996026394,0.338619996026394,0.338619996026394
56.0112380719016,0.36376576529476,0.36376576529476,0.36376576529476,0.36376576529476
57.1434159210706,0.394903542465254,0.394903542465254,0.394903542465254,0.394903542465254
58.2755937702396,0.424425809819858,0.424425809819858,0.424425809819858,0.424425809819858
59.4011612724577,0.450621015230059,0.450621015230059,0.450621015230059,0.450621015230059
60.4010623287255,0.470059169682176,0.470059169682176,0.470059169682176,0.470059169682176
61.3725138506537,0.484531980698918,0.484531980698918,0.484531980698918,0.484531980698918
62.3265435820553,0.493717021215294,0.493717021215294,0.493717021215294,0.493717021215294
63.2803736912388,0.497221873674807,0.497221873674807,0.497221873674807,0.497221873674807
64.2342038004222,0.494451570940016,0.494451570940016,0.494451570940016,0.494451570940016
65.1880339096057,0.484951133240313,0.484951133240313,0.484951133240313,0.484951133240313
66.1418640187891,0.468509291556692,0.468509291556692,0.468509291556692,0.468509291556692
67.082887244376,0.44567824398823,0.44567824398823,0.44567824398823,0.44567824398823
67.9721975765262,0.418766701564694,0.418766701564694,0.418766701564694,0.418766701564694
68.7977270711834,0.390275271941872,0.390275271941872,0.390275271941872,0.390275271941872
69.572017300687,0.361879761499992,0.361879761499992,0.361879761499992,0.361879761499992
70.3007410853284,0.335165869456243,0.335165869456243,0.335165869456243,0.335165869456243
70.9833529945781,0.311557677856625,0.311557677856625,0.311557677856625,0.311557677856625
71.6261315921564,0.2917846137271,0.2917846137271,0.2917846137271,0.2917846137271
72.2476214382106,0.275907873576767,0.275907873576767,0.275907873576767,0.275907873576767
72.8686381436942,0.263965881781401,0.263965881781401,0.263965881781401,0.263965881781401
73.4877431120261,0.256410912921926,0.256410912921926,0.256410912921926,0.256410912921926
74.0912412421973,0.253340838144674,0.253340838144674,0.253340838144674,0.253340838144674
74.6927990224593,0.25432278110221,0.25432278110221,0.25432278110221,0.25432278110221
75.2943568027213,0.25895007922459,0.25895007922459,0.25895007922459,0.25895007922459
75.8959145829833,0.266710930419862,0.266710930419862,0.266710930419862,0.266710930419862
76.7124547236287,0.281278359862983,0.281278359862983,0.281278359862983,0.281278359862983
77.6939074966707,0.303281166856256,0.303281166856256,0.303281166856256,0.303281166856256
78.6494831188961,0.327734151693549,0.327734151693549,0.327734151693549,0.327734151693549
79.6050587411214,0.353768061992226,0.353768061992226,0.353768061992226,0.353768061992226
80.5606343633468,0.380225891389709,0.380225891389709,0.380225891389709,0.380225891389709
81.7249349497664,0.41155146566065,0.41155146566065,0.41155146566065,0.41155146566065
82.8845114758742,0.440132372449449,0.440132372449449,0.440132372449449,0.440132372449449
83.9344336862085,0.462378264683567,0.462378264683567,0.462378264683567,0.462378264683567
84.9112351556974,0.478923016484343,0.478923016484343,0.478923016484343,0.478923016484343
85.8696803576005,0.49041324857523,0.49041324857523,0.49041324857523,0.49041324857523
86.8224047095069,0.496443410489189,0.496443410489189,0.496443410489189,0.496443410489189
87.7751290614133,0.496457096902664,0.496457096902664,0.496457096902664,0.496457096902664
88.7278534133197,0.489930628550825,0.489930628550825,0.489930628550825,0.489930628550825
89.6805777652261,0.476531381026697,0.476531381026697,0.476531381026697,0.476531381026697
90.6333021171325,0.456255295451387,0.456255295451387,0.456255295451387,0.456255295451387
91.5474499273667,0.430811951306945,0.430811951306945,0.430811951306945,0.430811951306945
92.4009245925724,0.402725765004607,0.402725765004607,0.402725765004607,0.402725765004607
93.1958810619409,0.374106441819706,0.374106441819706,0.374106441819706,0.374106441819706
93.9447257512067,0.346451999896326,0.346451999896326,0.346451999896326,0.346451999896326
94.6474310186779,0.321350606476505,0.321350606476505,0.321350606476505,0.321350606476505
95.3059019247054,0.299877166146112,0.299877166146112,0.299877166146112,0.299877166146112
95.933704913324,0.28232380226978,0.28232380226978,0.28232380226978,0.28232380226978
96.5532305706704,0.268640748639062,0.268640748639062,0.268640748639062,0.268640748639062
97.1727562280168,0.259151975525356,0.259151975525356,0.259151975525356,0.259151975525356
97.7831183937404,0.254161921795134,0.254161921795134,0.254161921795134,0.254161921795134
98.382333458802,0.253413839481097,0.253413839481097,0.253413839481097,0.253413839481097
98.9815485238637,0.256473823276548,0.256473823276548,0.256473823276548,0.256473823276548
99.5807635889254,0.262877917550579,0.262877917550579,0.262877917550579,0.262877917550579
100.335605363245,0.274876322407741,0.274876322407741,0.274876322407741,0.274876322407741
101.263419894441,0.294177873197928,0.294177873197928,0.294177873197928,0.294177873197928
102.191234425638,0.316899716595381,0.316899716595381,0.316899716595381,0.316899716595381
103.119048956834,0.341644459005099,0.341644459005099,0.341644459005099,0.341644459005099
104.04686348803,0.367270379723717,0.367270379723717,0.367270379723717,0.367270379723717
105.188478819089,0.398561207810662,0.398561207810662,0.398561207810662,0.398561207810662
106.330094150148,0.428014580304595,0.428014580304595,0.428014580304595,0.428014580304595
107.443958196271,0.453449745247236,0.453449745247236,0.453449745247236,0.453449745247236
108.434604456023,0.472171454488753,0.472171454488753,0.472171454488753,0.472171454488753
109.402266595043,0.485982231290446,0.485982231290446,0.485982231290446,0.485982231290446
110.355643078343,0.49448251660263,0.49448251660263,0.49448251660263,0.49448251660263
111.309019561642,0.497229696469921,0.497229696469921,0.497229696469921,0.497229696469921
112.262396044941,0.493641522274595,0.493641522274595,0.493641522274595,0.493641522274595
113.215772528241,0.483287212231203,0.483287212231203,0.483287212231203,0.483287212231203
114.16914901154,0.4659964099138,0.4659964099138,0.4659964099138,0.4659964099138
115.104957738634,0.442530609132318,0.442530609132318,0.442530609132318,0.442530609132318
115.986879322241,0.415287622704587,0.415287622704587,0.415287622704587,0.415287622704587
116.805267223945,0.386728416388402,0.386728416388402,0.386728416388402,0.386728416388402
117.573964712209,0.358449018100186,0.358449018100186,0.358449018100186,0.358449018100186
118.296998093563,0.332052006063432,0.332052006063432,0.332052006063432,0.332052006063432
118.973893958049,0.308902431715463,0.308902431715463,0.308902431715463,0.308902431715463
119.612791646839,0.289616208721222,0.289616208721222,0.289616208721222,0.289616208721222
120.233299869883,0.274214958461438,0.274214958461438,0.274214958461438,0.274214958461438
120.853808092928,0.262800517044402,0.262800517044402,0.262800517044402,0.262800517044402
121.471338498743,0.255804992674825,0.255804992674825,0.255804992674825,0.255804992674825
122.073332692503,0.253251133922259,0.253251133922259,0.253251133922259,0.253251133922259
122.675326886264,0.254700822489374,0.254700822489374,0.254700822489374,0.254700822489374
123.277321080024,0.259743387632099,0.259743387632099,0.259743387632099,0.259743387632099
123.879315273785,0.267857223348391,0.267857223348391,0.267857223348391,0.267857223348391
124.715006366716,0.283186185440296,0.283186185440296,0.283186185440296,0.283186185440296
125.550697459646,0.302010197308566,0.302010197308566,0.302010197308566,0.302010197308566
126.386388552577,0.323169787575031,0.323169787575031,0.323169787575031,0.323169787575031
127.222079645508,0.345710875105799,0.345710875105799,0.345710875105799,0.345710875105799
128.287868482251,0.375201941299482,0.375201941299482,0.375201941299482,0.375201941299482
129.353657318993,0.404179760471126,0.404179760471126,0.404179760471126,0.404179760471126
130.419446155736,0.431293785732853,0.431293785732853,0.431293785732853,0.431293785732853
131.485234992478,0.455249253291247,0.455249253291247,0.455249253291247,0.455249253291247
132.476337311429,0.473608373960763,0.473608373960763,0.473608373960763,0.473608373960763
133.44170420607,0.486954457282231,0.486954457282231,0.486954457282231,0.486954457282231
134.394760005671,0.494967587822352,0.494967587822352,0.494967587822352,0.494967587822352
135.347815805272,0.497175470753589,0.497175470753589,0.497175470753589,0.497175470753589
136.300871604873,0.493007016124409,0.493007016124409,0.493007016124409,0.493007016124409
137.253927404474,0.482049466136003,0.482049466136003,0.482049466136003,0.482049466136003
138.206983204075,0.464162864391165,0.464162864391165,0.464162864391165,0.464162864391165
139.138855796195,0.440269672851021,0.440269672851021,0.440269672851021,0.440269672851021
140.015516218865,0.41281367531921,0.41281367531921,0.41281367531921,0.41281367531921
140.829027319579,0.38421954368307,0.38421954368307,0.38421954368307,0.38421954368307
141.593811417873,0.356036913858735,0.356036913858735,0.356036913858735,0.356036913858735
142.312817403141,0.329876861766671,0.329876861766671,0.329876861766671,0.329876861766671
142.985776794389,0.307056395553038,0.307056395553038,0.307056395553038,0.307056395553038
143.622121061221,0.288114634604431,0.288114634604431,0.288114634604431,0.288114634604431
144.242136977895,0.273050856898448,0.273050856898448,0.273050856898448,0.273050856898448
144.862152894569,0.262015820885029,0.262015820885029,0.262015820885029,0.262015820885029
145.478413792993,0.255416324174982,0.255416324174982,0.255416324174982,0.255416324174982
146.079513878586,0.25322322371863,0.25322322371863,0.25322322371863,0.25322322371863
146.68061396418,0.254993442285851,0.254993442285851,0.254993442285851,0.254993442285851
147.281714049773,0.260305124095313,0.260305124095313,0.260305124095313,0.260305124095313
147.882814135366,0.26863374904702,0.26863374904702,0.26863374904702,0.26863374904702
148.731673857702,0.284478973294294,0.284478973294294,0.284478973294294,0.284478973294294
149.580533580037,0.303834167282046,0.303834167282046,0.303834167282046,0.303834167282046
150.429393302373,0.325503076824043,0.325503076824043,0.325503076824043,0.325503076824043
151.278253024708,0.348503916037523,0.348503916037523,0.348503916037523,0.348503916037523
152.355484421432,0.378322292801902,0.378322292801902,0.378322292801902,0.378322292801902
153.432715818156,0.40746651047752,0.40746651047752,0.40746651047752,0.40746651047752
154.50994721488,0.43454976423913,0.43454976423913,0.43454976423913,0.43454976423913
155.587178611604,0.458241666357272,0.458241666357272,0.458241666357272,0.458241666357272
156.57161573186,0.475851240974346,0.475851240974346,0.475851240974346,0.475851240974346
157.533736503911,0.488443059657005,0.488443059657005,0.488443059657005,0.488443059657005
158.486489547559,0.495657335498661,0.495657335498661,0.495657335498661,0.495657335498661
159.439242591207,0.496980874299458,0.496980874299458,0.496980874299458,0.496980874299458
160.391995634854,0.49186121512584,0.49186121512584,0.49186121512584,0.49186121512584
161.344748678502,0.479916488548325,0.479916488548325,0.479916488548325,0.479916488548325
162.29750172215,0.461059084909195,0.461059084909195,0.461059084909195,0.461059084909195
163.222529122101,0.43650431333134,0.43650431333134,0.43650431333134,0.43650431333134
164.090537837574,0.408736327230903,0.408736327230903,0.408736327230903,0.408736327230903
164.896335143465,0.380108598638901,0.380108598638901,0.380108598638901,0.380108598638901
165.654750404512,0.352111390701058,0.352111390701058,0.352111390701058,0.352111390701058
166.367144585191,0.326362161023536,0.326362161023536,0.326362161023536,0.326362161023536
167.033905418127,0.3040870156573,0.3040870156573,0.3040870156573,0.3040870156573
167.666428171403,0.285709826860533,0.285709826860533,0.285709826860533,0.285709826860533
168.285975310139,0.271202652431244,0.271202652431244,0.271202652431244,0.271202652431244
168.905522448875,0.260792436969614,0.260792436969614,0.260792436969614,0.260792436969614
169.519492304828,0.254845613094845,0.254845613094845,0.254845613094845,0.254845613094845
170.119467007702,0.253241236256062,0.253241236256062,0.253241236256062,0.253241236256062
170.719441710576,0.255535462186573,0.255535462186573,0.255535462186573,0.255535462186573
171.319416413449,0.26128884488435,0.26128884488435,0.26128884488435,0.26128884488435
172.049912370265,0.27219596206173,0.27219596206173,0.27219596206173,0.27219596206173
172.940815182753,0.28997265422892,0.28997265422892,0.28997265422892,0.28997265422892
173.831717995242,0.311195443629368,0.311195443629368,0.311195443629368,0.311195443629368
174.722620807731,0.334566940671086,0.334566940671086,0.334566940671086,0.334566940671086
175.613523620219,0.359026869910132,0.359026869910132,0.359026869910132,0.359026869910132
176.730783840094,0.389861450402734,0.389861450402734,0.389861450402734,0.389861450402734
177.848044059968,0.419379959908673,0.419379959908673,0.419379959908673,0.419379959908673
178.965304279842,0.446062784201913,0.446062784201913,0.446062784201913,0.446062784201913
179.984172649722,0.466691085000533,0.466691085000533,0.466691085000533,0.466691085000533
180.962602947625,0.482176197413748,0.482176197413748,0.482176197413748,0.482176197413748
181.918130636086,0.492386412571917,0.492386412571917,0.492386412571917,0.492386412571917
182.871310513097,0.497020407629245,0.497020407629245,0.497020407629245,0.497020407629245
183.824490390107,0.49549285232591,0.49549285232591,0.49549285232591,0.49549285232591
184.777670267118,0.487316582441125,0.487316582441125,0.487316582441125,0.487316582441125
185.730850144129,0.472223105375651,0.472223105375651,0.472223105375651,0.472223105375651
186.679043695067,0.450447839258569,0.450447839258569,0.450447839258569,0.450447839258569
187.579631453535,0.42412411714808,0.42412411714808,0.42412411714808,0.42412411714808
188.416893789853,0.395780356455059,0.395780356455059,0.395780356455059,0.395780356455059
189.200075427627,0.367251389451278,0.367251389451278,0.367251389451278,0.367251389451278
189.937648939312,0.34008834856626,0.34008834856626,0.34008834856626,0.34008834856626
190.629245303296,0.315792905654866,0.315792905654866,0.315792905654866,0.315792905654866
191.278633838462,0.295264549366862,0.295264549366862,0.295264549366862,0.295264549366862
191.902348632502,0.278649851773319,0.278649851773319,0.278649851773319,0.278649851773319
192.52256126971,0.265929381312046,0.265929381312046,0.265929381312046,0.265929381312046
193.142773906917,0.257507184673788,0.257507184673788,0.257507184673788,0.257507184673788
193.749087125663,0.253604629722382,0.253604629722382,0.253604629722382,0.253604629722382
194.348930473967,0.25383161985092,0.25383161985092,0.25383161985092,0.25383161985092
194.94877382227,0.257771125940133,0.257771125940133,0.257771125940133,0.257771125940133
195.548617170573,0.264932139401931,0.264932139401931,0.264932139401931,0.264932139401931
196.336057093585,0.278314141746776,0.278314141746776,0.278314141746776,0.278314141746776
197.300019103561,0.299267354769069,0.299267354769069,0.299267354769069,0.299267354769069
198.259831972361,0.323420910819341,0.323420910819341,0.323420910819341,0.323420910819341
199.21964484116,0.349389041765198,0.349389041765198,0.349389041765198,0.349389041765198
200.17945770996,0.37596711013214,0.37596711013214,0.37596711013214,0.37596711013214
201.338326740255,0.407370234934669,0.407370234934669,0.407370234934669,0.407370234934669
202.49719577055,0.436394246046831,0.436394246046831,0.436394246046831,0.436394246046831
203.570923087095,0.459721525982756,0.459721525982756,0.459721525982756,0.459721525982756
204.549326133262,0.476907431606517,0.476907431606517,0.476907431606517,0.476907431606517
205.510072225068,0.489130225559958,0.489130225559958,0.489130225559958,0.489130225559958
206.462765258379,0.495950121030901,0.495950121030901,0.495950121030901,0.495950121030901
207.41545829169,0.496837215379817,0.496837215379817,0.496837215379817,0.496837215379817
208.368151325001,0.491248453397296,0.491248453397296,0.491248453397296,0.491248453397296
209.320844358312,0.478817883156554,0.478817883156554,0.478817883156554,0.478817883156554
210.273537391623,0.459484917903147,0.459484917903147,0.459484917903147,0.459484917903147
211.195028033536,0.434621912707785,0.434621912707785,0.434621912707785,0.434621912707785
212.058615893602,0.406721982219628,0.406721982219628,0.406721982219628,0.406721982219628
212.86072707884,0.378088973345792,0.378088973345792,0.378088973345792,0.378088973345792
213.61602932706,0.350195024016005,0.350195024016005,0.350195024016005,0.350195024016005
214.325167261934,0.324657709519305,0.324657709519305,0.324657709519305,0.324657709519305
214.989020473626,0.302652410816726,0.302652410816726,0.302652410816726,0.302652410816726
215.619836820426,0.284552771950235,0.284552771950235,0.284552771950235,0.284552771950235
216.239295704732,0.270321411790651,0.270321411790651,0.270321411790651,0.270321411790651
216.858754589037,0.260220184519649,0.260220184519649,0.260220184519649,0.260220184519649
217.471529968897,0.254595372533031,0.254595372533031,0.254595372533031,0.254595372533031
218.071124047491,0.253279684212302,0.253279684212302,0.253279684212302,0.253279684212302
218.670718126084,0.255831509923626,0.255831509923626,0.255831509923626,0.255831509923626
219.270312204677,0.261803022581046,0.261803022581046,0.261803022581046,0.261803022581046
220.008601491518,0.273066191969103,0.273066191969103,0.273066191969103,0.273066191969103
220.912063658471,0.291354074079654,0.291354074079654,0.291354074079654,0.291354074079654
221.815525825423,0.313084500502286,0.313084500502286,0.313084500502286,0.313084500502286
222.718987992376,0.336925735187651,0.336925735187651,0.336925735187651,0.336925735187651
223.622450159329,0.361789993883696,0.361789993883696,0.361789993883696,0.361789993883696
224.748695401438,0.392814443373068,0.392814443373068,0.392814443373068,0.392814443373068
225.874940643547,0.422348532302858,0.422348532302858,0.422348532302858,0.422348532302858
227.001185885655,0.448842266555546,0.448842266555546,0.448842266555546,0.448842266555546
228.007994632838,0.46874065538729,0.46874065538729,0.46874065538729,0.46874065538729
228.982039857789,0.483615461777713,0.483615461777713,0.483615461777713,0.483615461777713
229.936588569845,0.493210942168951,0.493210942168951,0.493210942168951,0.493210942168951
230.890132680951,0.497168813616267,0.497168813616267,0.497168813616267,0.497168813616267
231.843676792057,0.494896646958996,0.494896646958996,0.494896646958996,0.494896646958996
232.797220903163,0.48592623095746,0.48592623095746,0.48592623095746,0.48592623095746
233.750765014268,0.470022733606337,0.470022733606337,0.470022733606337,0.470022733606337
234.694787887784,0.447604211464013,0.447604211464013,0.447604211464013,0.447604211464013
235.5886446773,0.420916997560431,0.420916997560431,0.420916997560431,0.420916997560431
236.418770350178,0.392478441910826,0.392478441910826,0.392478441910826,0.392478441910826
237.196583006504,0.36402277892014,0.36402277892014,0.36402277892014,0.36402277892014
237.928843877087,0.337122863100569,0.337122863100569,0.337122863100569,0.337122863100569
238.615073803567,0.313234639798839,0.313234639798839,0.313234639798839,0.313234639798839
239.260414995162,0.29315933822539,0.29315933822539,0.29315933822539,0.29315933822539
239.882690107094,0.276987637933762,0.276987637933762,0.276987637933762,0.276987637933762
240.503375958704,0.264732054756539,0.264732054756539,0.264732054756539,0.264732054756539
241.123303754913,0.256826393226699,0.256826393226699,0.256826393226699,0.256826393226699
241.727872714153,0.253427677290262,0.253427677290262,0.253427677290262,0.253427677290262
242.328616534348,0.254110335478061,0.254110335478061,0.254110335478061,0.254110335478061
242.929360354543,0.258464206809533,0.258464206809533,0.258464206809533,0.258464206809533
243.530104174738,0.265985740961663,0.265985740961663,0.265985740961663,0.265985740961663
244.334701801919,0.280070982845416,0.280070982845416,0.280070982845416,0.280070982845416
245.31060520018,0.301690320496676,0.301690320496676,0.301690320496676,0.301690320496676
246.267512856687,0.326022016923776,0.326022016923776,0.326022016923776,0.326022016923776
247.224420513194,0.352024524366887,0.352024524366887,0.352024524366887,0.352024524366887
248.1813281697,0.378523739312907,0.378523739312907,0.378523739312907,0.378523739312907
249.343708566887,0.40989100038945,0.40989100038945,0.40989100038945,0.40989100038945
250.505845188003,0.438718368165727,0.438718368165727,0.438718368165727,0.438718368165727
251.564723567266,0.46137369651267,0.46137369651267,0.46137369651267,0.46137369651267
252.541807331964,0.478159958901903,0.478159958901903,0.478159958901903,0.478159958901903
253.501078939441,0.489932274647879,0.489932274647879,0.489932274647879,0.489932274647879
254.453768949596,0.49626745673022,0.49626745673022,0.49626745673022,0.49626745673022
255.406458959751,0.496618374458134,0.496618374458134,0.496618374458134,0.496618374458134
256.359148969906,0.490453770866659,0.490453770866659,0.490453770866659,0.490453770866659
257.311838980061,0.477427911372718,0.477427911372718,0.477427911372718,0.477427911372718
258.264528990216,0.45751451821575,0.45751451821575,0.45751451821575,0.45751451821575
259.181550346735,0.432289482106115,0.432289482106115,0.432289482106115,0.432289482106115
260.038877936125,0.404271557113356,0.404271557113356,0.404271557113356,0.404271557113356
260.83656573477,0.375643617497895,0.375643617497895,0.375643617497895,0.375643617497895
261.587946513921,0.347891363325234,0.347891363325234,0.347891363325234,0.347891363325234
262.29313649188,0.322618911897052,0.322618911897052,0.322618911897052,0.322618911897052
262.953626975165,0.300940282995197,0.300940282995197,0.300940282995197,0.300940282995197
263.582537554906,0.283176153031294,0.283176153031294,0.283176153031294,0.283176153031294
264.202002318997,0.269280614025183,0.269280614025183,0.269280614025183,0.269280614025183
264.821467083087,0.259554824684205,0.259554824684205,0.259554824684205,0.259554824684205
265.432765076723,0.254319807497004,0.254319807497004,0.254319807497004,0.254319807497004
266.032065702194,0.253352774989236,0.253352774989236,0.253352774989236,0.253352774989236
266.631366327665,0.256216449401561,0.256216449401561,0.256216449401561,0.256216449401561
267.230666953136,0.262453049556763,0.262453049556763,0.262453049556763,0.262453049556763
267.978923741476,0.274162098144132,0.274162098144132,0.274162098144132,0.274162098144132
268.897467071746,0.293072948868724,0.293072948868724,0.293072948868724,0.293072948868724
269.816010402016,0.315415501683037,0.315415501683037,0.315415501683037,0.315415501683037
270.734553732286,0.339817111296132,0.339817111296132,0.339817111296132,0.339817111296132
271.653097062556,0.365156631210482,0.365156631210482,0.365156631210482,0.365156631210482
272.78919000597,0.396362575669383,0.396362575669383,0.396362575669383,0.396362575669383
273.925282949384,0.425864853164541,0.425864853164541,0.425864853164541,0.425864853164541
275.046295180444,0.451760609183802,0.451760609183802,0.451760609183802,0.451760609183802
276.042195431067,0.470907773549791,0.470907773549791,0.470907773549791,0.470907773549791
277.012070910504,0.485117457918051,0.485117457918051,0.485117457918051,0.485117457918051
277.965811985526,0.494031605617692,0.494031605617692,0.494031605617692,0.494031605617692
278.919553060548,0.497236835307906,0.497236835307906,0.497236835307906,0.497236835307906
279.87329413557,0.494141489895072,0.494141489895072,0.494141489895072,0.494141489895072
280.827035210592,0.484299908423896,0.484299908423896,0.484299908423896,0.484299908423896
281.780776285615,0.467516778851226,0.467516778851226,0.467516778851226,0.467516778851226
282.719771100981,0.444427835067317,0.444427835067317,0.444427835067317,0.444427835067317
283.606138797965,0.417379562453825,0.417379562453825,0.417379562453825,0.417379562453825
284.428778900759,0.388858488786655,0.388858488786655,0.388858488786655,0.388858488786655
285.200824934471,0.360506483431248,0.360506483431248,0.360506483431248,0.360506483431248
285.927275609491,0.333916605026383,0.333916605026383,0.333916605026383,0.333916605026383
286.607585994361,0.310490549427327,0.310490549427327,0.310490549427327,0.310490549427327
287.248777317262,0.290911924950852,0.290911924950852,0.290911924950852,0.290911924950852
287.869833901108,0.27522496846331,0.27522496846331,0.27522496846331,0.27522496846331
288.490890484954,0.263489100687576,0.263489100687576,0.263489100687576,0.263489100687576
289.109402846864,0.256159030983108,0.256159030983108,0.256159030983108,0.256159030983108
289.712264469053,0.253297625127719,0.253297625127719,0.253297625127719,0.253297625127719
290.314436603465,0.254470688027925,0.254470688027925,0.254470688027925,0.254470688027925
290.916608737876,0.25927313954856,0.25927313954856,0.25927313954856,0.25927313954856
291.518780872288,0.267187891707317,0.267187891707317,0.267187891707317,0.267187891707317
292.34321849904,0.28207158975851,0.28207158975851,0.28207158975851,0.28207158975851
293.167656125793,0.300437083802308,0.300437083802308,0.300437083802308,0.300437083802308
293.992093752546,0.321155917798987,0.321155917798987,0.321155917798987,0.321155917798987
294.816531379299,0.343297158340098,0.343297158340098,0.343297158340098,0.343297158340098
295.872348478966,0.372491466442537,0.372491466442537,0.372491466442537,0.372491466442537
296.928165578633,0.401307793245314,0.401307793245314,0.401307793245314,0.401307793245314
297.9839826783,0.428426365442544,0.428426365442544,0.428426365442544,0.428426365442544
299.039799777967,0.452583202458801,0.452583202458801,0.452583202458801,0.452583202458801
300.038208776693,0.471609574752428,0.471609574752428,0.471609574752428,0.471609574752428
301.00687634692,0.485599304368437,0.485599304368437,0.485599304368437,0.485599304368437
301.960405113994,0.494284974088973,0.494284974088973,0.494284974088973,0.494284974088973
302.913933881068,0.497237349751492,0.497237349751492,0.497237349751492,0.497237349751492
303.867462648142,0.493869962410412,0.493869962410412,0.493869962410412,0.493869962410412
304.820991415217,0.483745318415378,0.483745318415378,0.483745318415378,0.483745318415378
305.774520182291,0.466681785498368,0.466681785498368,0.466681785498368,0.466681785498368
306.711774679628,0.44338325647853,0.44338325647853,0.44338325647853,0.44338325647853
307.595691225799,0.416225919550125,0.416225919550125,0.416225919550125,0.416225919550125
308.415971198432,0.387682837774305,0.387682837774305,0.387682837774305,0.387682837774305
309.186165621423,0.359369829125724,0.359369829125724,0.359369829125724,0.359369829125724
309.910730254524,0.332885448473038,0.332885448473038,0.332885448473038,0.332885448473038
310.58914864749,0.309611622409188,0.309611622409188,0.309611622409188,0.309611622409188
311.229060021389,0.290194374171976,0.290194374171976,0.290194374171976,0.290194374171976
311.849798814278,0.274665035604922,0.274665035604922,0.274665035604922,0.274665035604922
312.470537607168,0.263106512518695,0.263106512518695,0.263106512518695,0.263106512518695
313.088519623472,0.255960880845811,0.255960880845811,0.255960880845811,0.255960880845811
313.690890855471,0.253269377350779,0.253269377350779,0.253269377350779,0.253269377350779
314.293262087471,0.254596826666183,0.254596826666183,0.254596826666183,0.254596826666183
314.89563331947,0.259536920543851,0.259536920543851,0.259536920543851,0.259536920543851
315.49800455147,0.267569214386219,0.267569214386219,0.267569214386219,0.267569214386219
316.328812256848,0.282706016713997,0.282706016713997,0.282706016713997,0.282706016713997
317.159619962227,0.301331997091604,0.301331997091604,0.301331997091604,0.301331997091604
317.990427667606,0.322301219449635,0.322301219449635,0.322301219449635,0.322301219449635
318.821235372985,0.344669731046492,0.344669731046492,0.344669731046492,0.344669731046492
319.882726969647,0.374034216603453,0.374034216603453,0.374034216603453,0.374034216603453
320.944218566309,0.4029442400313,0.4029442400313,0.4029442400313,0.4029442400313
322.00571016297,0.43006261551675,0.43006261551675,0.43006261551675,0.43006261551675
323.067201759632,0.454107881276838,0.454107881276838,0.454107881276838,0.454107881276838
324.061273515114,0.472752454037795,0.472752454037795,0.472752454037795,0.472752454037795
325.028006376417,0.486377158349808,0.486377158349808,0.486377158349808,0.486377158349808
325.981241088651,0.494682522397917,0.494682522397917,0.494682522397917,0.494682522397917
326.934475800886,0.497213927972341,0.497213927972341,0.497213927972341,0.497213927972341
327.88771051312,0.493393577596525,0.493393577596525,0.493393577596525,0.493393577596525
328.840945225355,0.482797832185218,0.482797832185218,0.482797832185218,0.482797832185218
329.794179937589,0.465268363852161,0.465268363852161,0.465268363852161,0.465268363852161
330.728436999617,0.441629418396507,0.441629418396507,0.441629418396507,0.441629418396507
331.608256209693,0.414299108612001,0.414299108612001,0.414299108612001,0.414299108612001
332.424676419378,0.385724626236684,0.385724626236684,0.385724626236684,0.385724626236684
333.191804735918,0.357482471939861,0.357482471939861,0.357482471939861,0.357482471939861
333.91322722242,0.331178999904792,0.331178999904792,0.331178999904792,0.331178999904792
334.588536005517,0.308160691129503,0.308160691129503,0.308160691129503,0.308160691129503
335.226392489353,0.289012278355119,0.289012278355119,0.289012278355119,0.289012278355119
335.846684150991,0.273745897371388,0.273745897371388,0.273745897371388,0.273745897371388
336.46697581263,0.262483122701044,0.262483122701044,0.262483122701044,0.262483122701044
337.084011957346,0.255645805713796,0.255645805713796,0.255645805713796,0.255645805713796
337.685630989933,0.253236455723321,0.253236455723321,0.253236455723321,0.253236455723321
338.287250022521,0.254814505784579,0.254814505784579,0.254814505784579,0.254814505784579
338.888869055109,0.259964763140788,0.259964763140788,0.259964763140788,0.259964763140788
339.490488087697,0.268164433714114,0.268164433714114,0.268164433714114,0.268164433714114
340.331391056437,0.283698008414127,0.283698008414127,0.283698008414127,0.283698008414127
341.172294025178,0.30273271167831,0.30273271167831,0.30273271167831,0.30273271167831
342.013196993918,0.324094561873505,0.324094561873505,0.324094561873505,0.324094561873505
342.854099962658,0.346818580462675,0.346818580462675,0.346818580462675,0.346818580462675
343.924446020825,0.376441719103546,0.376441719103546,0.376441719103546,0.376441719103546
344.994792078992,0.405488345482076,0.405488345482076,0.405488345482076,0.405488345482076
346.065138137159,0.43259358683815,0.43259358683815,0.43259358683815,0.43259358683815
347.135484195325,0.456448522047841,0.456448522047841,0.456448522047841,0.456448522047841
348.123721367312,0.474507652647624,0.474507652647624,0.474507652647624,0.474507652647624
349.087729025021,0.487555736161738,0.487555736161738,0.487555736161738,0.487555736161738
350.040634661504,0.495254548353587,0.495254548353587,0.495254548353587,0.495254548353587
350.993540297987,0.497114452548354,0.497114452548354,0.497114452548354,0.497114452548354
351.94644593447,0.492571630526694,0.492571630526694,0.492571630526694,0.492571630526694
352.899351570953,0.481225271133217,0.481225271133217,0.481225271133217,0.481225271133217
353.852257207436,0.462955638265555,0.462955638265555,0.462955638265555,0.462955638265555
354.781491133385,0.438796245115689,0.438796245115689,0.438796245115689,0.438796245115689
355.654748392315,0.411212007424117,0.411212007424117,0.411212007424117,0.411212007424117
356.465183729159,0.38260112249556,0.38260112249556,0.38260112249556,0.38260112249556
357.227455999806,0.354487469103358,0.354487469103358,0.354487469103358,0.354487469103358
357.943861284421,0.328485837035735,0.328485837035735,0.328485837035735,0.328485837035735
358.614339376893,0.305879296829405,0.305879296829405,0.305879296829405,0.305879296829405
359.249124383137,0.287159770752886,0.287159770752886,0.287159770752886,0.287159770752886
359.868907323588,0.27231447971068,0.27231447971068,0.27231447971068,0.27231447971068
360.488690264039,0.261524875188474,0.261524875188474,0.261524875188474,0.261524875188474
361.104076418241,0.25518183167425,0.25518183167425,0.25518183167425,0.25518183167425
361.704680286558,0.253220781822118,0.253220781822118,0.253220781822118,0.253220781822118
362.305284154875,0.255197368027167,0.255197368027167,0.255197368027167,0.255197368027167
362.905888023191,0.260682711888175,0.260682711888175,0.260682711888175,0.260682711888175
363.627297589883,0.271165314900238,0.271165314900238,0.271165314900238,0.271165314900238
364.502844894776,0.288322051938783,0.288322051938783,0.288322051938783,0.288322051938783
365.378392199669,0.308924249721929,0.308924249721929,0.308924249721929,0.308924249721929
366.253939504562,0.331716536195993,0.331716536195993,0.331716536195993,0.331716536195993
367.129486809455,0.35567176884596,0.35567176884596,0.35567176884596,0.35567176884596
368.234875937933,0.386229767706404,0.386229767706404,0.386229767706404,0.386229767706404
369.340265066411,0.415680988338943,0.415680988338943,0.415680988338943,0.415680988338943
370.445654194889,0.442545844503183,0.442545844503183,0.442545844503183,0.442545844503183
371.481831290365,0.464117953644144,0.464117953644144,0.464117953644144,0.464117953644144
372.460704984265,0.480268368968252,0.480268368968252,0.480268368968252,0.480268368968252
373.417827602833,0.491245572006004,0.491245572006004,0.491245572006004,0.491245572006004
374.370679355844,0.496718302719855,0.496718302719855,0.496718302719855,0.496718302719855
375.323531108855,0.496116121752304,0.496116121752304,0.496116121752304,0.496116121752304
376.276382861866,0.488929544659575,0.488929544659575,0.488929544659575,0.488929544659575
377.229234614877,0.474850718577279,0.474850718577279,0.474850718577279,0.474850718577279
378.182058939107,0.453918159370656,0.453918159370656,0.453918159370656,0.453918159370656
379.09085169079,0.428094911076806,0.428094911076806,0.428094911076806,0.428094911076806
379.937460235973,0.39989574073822,0.39989574073822,0.39989574073822,0.39989574073822
380.727522513589,0.371303152064248,0.371303152064248,0.371303152064248,0.371303152064248
381.47175350918,0.343838716291276,0.343838716291276,0.343838716291276,0.343838716291276
382.169920166995,0.319058531431787,0.319058531431787,0.319058531431787,0.319058531431787
382.82467423732,0.29796625553585,0.29796625553585,0.29796625553585,0.29796625553585
383.450636658305,0.280796805296484,0.280796805296484,0.280796805296484,0.280796805296484
384.07037156535,0.267504034930405,0.267504034930405,0.267504034930405,0.267504034930405
384.690106472395,0.258449277191691,0.258449277191691,0.258449277191691,0.258449277191691
385.298774354883,0.25390497146038,0.25390497146038,0.25390497146038,0.25390497146038
385.898040943314,0.253555605165743,0.253555605165743,0.253555605165743,0.253555605165743
386.497307531746,0.256974132037839,0.256974132037839,0.256974132037839,0.256974132037839
387.096574120177,0.263685467209572,0.263685467209572,0.263685467209572,0.263685467209572
387.864083888834,0.27623035007955,0.27623035007955,0.27623035007955,0.27623035007955
388.807974361159,0.296232043641899,0.296232043641899,0.296232043641899,0.296232043641899
389.751864833484,0.31962187729593,0.31962187729593,0.31962187729593,0.31962187729593
390.695755305809,0.344960994403383,0.344960994403383,0.344960994403383,0.344960994403383
391.639645778134,0.371072267948875,0.371072267948875,0.371072267948875,0.371072267948875
392.789870769991,0.402458504949529,0.402458504949529,0.402458504949529,0.402458504949529
393.940095761848,0.431768230642186,0.431768230642186,0.431768230642186,0.431768230642186
395.040641704435,0.456364678218104,0.456364678218104,0.456364678218104,0.456364678218104
396.024102322095,0.474365046246372,0.474365046246372,0.474365046246372,0.474365046246372
396.9882939587,0.487460471563644,0.487460471563644,0.487460471563644,0.487460471563644
397.941220892902,0.495209794339573,0.495209794339573,0.495209794339573,0.495209794339573
398.894147827104,0.497125617636775,0.497125617636775,0.497125617636775,0.497125617636775
399.847074761306,0.492642950196229,0.492642950196229,0.492642950196229,0.492642950196229
400.800001695508,0.481359043582244,0.481359043582244,0.481359043582244,0.481359043582244
401.75292862971,0.463150879815237,0.463150879815237,0.463150879815237,0.463150879815237
402.682591569564,0.439033754093583,0.439033754093583,0.439033754093583,0.439033754093583
403.556395953719,0.411469643034153,0.411469643034153,0.411469643034153,0.411469643034153
404.367321938824,0.382861143761733,0.382861143761733,0.382861143761733,0.382861143761733
405.129997281184,0.35473605978601,0.35473605978601,0.35473605978601,0.35473605978601
405.846820600476,0.32870868460837,0.32870868460837,0.32870868460837,0.32870868460837
406.517693993966,0.306067700905163,0.306067700905163,0.306067700905163,0.306067700905163
407.152724799676,0.287312468812185,0.287312468812185,0.287312468812185,0.287312468812185
407.772540850634,0.272432025832434,0.272432025832434,0.272432025832434,0.272432025832434
408.392356901592,0.261602947090252,0.261602947090252,0.261602947090252,0.261602947090252
409.007886244353,0.255218655002407,0.255218655002407,0.255218655002407,0.255218655002407
409.608565365134,0.25322035302665,0.25322035302665,0.25322035302665,0.25322035302665
410.209244485915,0.255163796916345,0.255163796916345,0.255163796916345,0.255163796916345
410.809923606696,0.26062122731047,0.26062122731047,0.26062122731047,0.26062122731047
411.410602727478,0.269066613796477,0.269066613796477,0.269066613796477,0.269066613796477
412.266782668075,0.285198067817482,0.285198067817482,0.285198067817482,0.285198067817482
413.122962608673,0.304847072245804,0.304847072245804,0.304847072245804,0.304847072245804
413.979142549271,0.326796764486511,0.326796764486511,0.326796764486511,0.326796764486511
414.835322489869,0.350049719083583,0.350049719083583,0.350049719083583,0.350049719083583
415.918794076078,0.380040434710608,0.380040434710608,0.380040434710608,0.380040434710608
417.002265662286,0.409266011344785,0.409266011344785,0.409266011344785,0.409266011344785
418.085737248495,0.436319490075642,0.436319490075642,0.436319490075642,0.436319490075642
419.15701971706,0.459610638867593,0.459610638867593,0.459610638867593,0.459610638867593
420.139340482578,0.476881445467171,0.476881445467171,0.476881445467171,0.476881445467171
421.100131741342,0.489113563586103,0.489113563586103,0.489113563586103,0.489113563586103
422.052825645149,0.495943241365639,0.495943241365639,0.495943241365639,0.495943241365639
423.005519548955,0.496841159050153,0.496841159050153,0.496841159050153,0.496841159050153
423.958213452762,0.491264026072597,0.491264026072597,0.491264026072597,0.491264026072597
424.910907356569,0.478845489960817,0.478845489960817,0.478845489960817,0.478845489960817
425.863601260376,0.459524284059714,0.459524284059714,0.459524284059714,0.459524284059714
426.7851807512,0.434668774519471,0.434668774519471,0.434668774519471,0.434668774519471
427.648896660351,0.406771345928521,0.406771345928521,0.406771345928521,0.406771345928521
428.451098194515,0.378138341841997,0.378138341841997,0.378138341841997,0.378138341841997
429.206475517097,0.350241805733315,0.350241805733315,0.350241805733315,0.350241805733315
429.915693122586,0.324699229956233,0.324699229956233,0.324699229956233,0.324699229956233
430.579616279153,0.30268731719833,0.30268731719833,0.30268731719833,0.30268731719833
431.210472980529,0.284580885908741,0.284580885908741,0.284580885908741,0.284580885908741
431.829932966871,0.270342755540797,0.270342755540797,0.270342755540797,0.270342755540797
432.449392953214,0.260233950055634,0.260233950055634,0.260233950055634,0.260233950055634
433.062197921109,0.254601251505733,0.254601251505733,0.254601251505733,0.254601251505733
433.661799847316,0.253278501843726,0.253278501843726,0.253278501843726,0.253278501843726
434.261401773524,0.255824020416435,0.255824020416435,0.255824020416435,0.255824020416435
434.861003699731,0.261790183515703,0.261790183515703,0.261790183515703,0.261790183515703
435.599097479112,0.273044505013801,0.273044505013801,0.273044505013801,0.273044505013801
436.502252307524,0.291319812009759,0.291319812009759,0.291319812009759,0.291319812009759
437.405407135937,0.31303780294777,0.31303780294777,0.31303780294777,0.31303780294777
438.308561964349,0.336867580460104,0.336867580460104,0.336867580460104,0.336867580460104
439.211716792762,0.361722037066606,0.361722037066606,0.361722037066606,0.361722037066606
440.337750438952,0.392742250065461,0.392742250065461,0.392742250065461,0.392742250065461
441.463784085143,0.422276401933174,0.422276401933174,0.422276401933174,0.422276401933174
442.589817731334,0.448775212893273,0.448775212893273,0.448775212893273,0.448775212893273
443.596899300016,0.468691048792934,0.468691048792934,0.468691048792934,0.468691048792934
444.571045549514,0.483580828070684,0.483580828070684,0.483580828070684,0.483580828070684
445.52561546689,0.493191513589782,0.493191513589782,0.493191513589782,0.493191513589782
446.479149602559,0.497166144954216,0.497166144954216,0.497166144954216,0.497166144954216
447.432683738228,0.494912419645865,0.494912419645865,0.494912419645865,0.494912419645865
448.386217873897,0.485961645365649,0.485961645365649,0.485961645365649,0.485961645365649
449.339752009567,0.47007813411561,0.47007813411561,0.47007813411561,0.47007813411561
450.283882776588,0.447675159484312,0.447675159484312,0.447675159484312,0.447675159484312
451.177907307105,0.420996536318738,0.420996536318738,0.420996536318738,0.420996536318738
452.008205801056,0.392560099212473,0.392560099212473,0.392560099212473,0.392560099212473
452.786149850077,0.36410238053022,0.36410238053022,0.36410238053022,0.36410238053022
453.518541899069,0.337195729958917,0.337195729958917,0.337195729958917,0.337195729958917
454.20490669624,0.313297208259219,0.313297208259219,0.313297208259219,0.313297208259219
454.850345010061,0.293210708386917,0.293210708386917,0.293210708386917,0.293210708386917
455.472651864699,0.27702807605764,0.27702807605764,0.27702807605764,0.27702807605764
456.093325530708,0.264760933101134,0.264760933101134,0.264760933101134,0.264760933101134
456.713281501373,0.256842298417987,0.256842298417987,0.256842298417987,0.256842298417987
457.317891777128,0.253431346580067,0.253431346580067,0.253431346580067,0.253431346580067
457.918608826337,0.254102899122626,0.254102899122626,0.254102899122626,0.254102899122626
458.519325875546,0.258446644086089,0.258446644086089,0.258446644086089,0.258446644086089
459.120042924756,0.265959336936141,0.265959336936141,0.265959336936141,0.265959336936141
459.924207580316,0.280026995976767,0.280026995976767,0.280026995976767,0.280026995976767
460.899868776115,0.301631232789253,0.301631232789253,0.301631232789253,0.301631232789253
461.856834770439,0.325958498408409,0.325958498408409,0.325958498408409,0.325958498408409
462.813800764762,0.351959978924854,0.351959978924854,0.351959978924854,0.351959978924854
463.770766759086,0.378460891399606,0.378460891399606,0.378460891399606,0.378460891399606
464.933070023734,0.409829424195317,0.409829424195317,0.409829424195317,0.409829424195317
466.095295032788,0.438665686636472,0.438665686636472,0.438665686636472,0.438665686636472
467.154513648178,0.461336364886664,0.461336364886664,0.461336364886664,0.461336364886664
468.131612073224,0.478131568620738,0.478131568620738,0.478131568620738,0.478131568620738
469.090915464672,0.489914263862023,0.489914263862023,0.489914263862023,0.489914263862023
470.043604723866,0.496260648365369,0.496260648365369,0.496260648365369,0.496260648365369
470.996293983061,0.496623954279535,0.496623954279535,0.496623954279535,0.496623954279535
471.948983242255,0.490472648694051,0.490472648694051,0.490472648694051,0.490472648694051
472.901672501449,0.477460521332305,0.477460521332305,0.477460521332305,0.477460521332305
473.854361760643,0.457560487696229,0.457560487696229,0.457560487696229,0.457560487696229
474.771487801476,0.432343608930154,0.432343608930154,0.432343608930154,0.432343608930154
475.62895816788,0.404328278336332,0.404328278336332,0.404328278336332,0.404328278336332
476.42674702315,0.375700102356594,0.375700102356594,0.375700102356594,0.375700102356594
477.178221101396,0.347944339453115,0.347944339453115,0.347944339453115,0.347944339453115
477.883502318906,0.322665671683132,0.322665671683132,0.322665671683132,0.322665671683132
478.544068324444,0.300979507103163,0.300979507103163,0.300979507103163,0.300979507103163
479.173020899729,0.283207636997952,0.283207636997952,0.283207636997952,0.283207636997952
479.792484227783,0.269304318026623,0.269304318026623,0.269304318026623,0.269304318026623
480.411947555836,0.259569842073861,0.259569842073861,0.259569842073861,0.259569842073861
481.023279865046,0.254325829005132,0.254325829005132,0.254325829005132,0.254325829005132
481.622585111496,0.253350755217656,0.253350755217656,0.253350755217656,0.253350755217656
482.221890357946,0.256207227145111,0.256207227145111,0.256207227145111,0.256207227145111
482.821195604396,0.26243769140086,0.26243769140086,0.26243769140086,0.26243769140086
483.569215412742,0.274136253013932,0.274136253013932,0.274136253013932,0.274136253013932
484.487414324271,0.293032722896213,0.293032722896213,0.293032722896213,0.293032722896213
485.4056132358,0.315361240558227,0.315361240558227,0.315361240558227,0.315361240558227
486.323812147329,0.339750087583634,0.339750087583634,0.339750087583634,0.339750087583634
487.242011058859,0.365078881691677,0.365078881691677,0.365078881691677,0.365078881691677
488.377890973141,0.396281272103891,0.396281272103891,0.396281272103891,0.396281272103891
489.513770887424,0.425784922447044,0.425784922447044,0.425784922447044,0.425784922447044
490.635041169874,0.45169750304194,0.45169750304194,0.45169750304194,0.45169750304194
491.631153366438,0.470860693500432,0.470860693500432,0.470860693500432,0.470860693500432
492.601114381531,0.4850850723055,0.4850850723055,0.4850850723055,0.4850850723055
493.554870544659,0.494014393246237,0.494014393246237,0.494014393246237,0.494014393246237
494.508626707787,0.497236413107299,0.497236413107299,0.497236413107299,0.497236413107299
495.462382870915,0.494159130626612,0.494159130626612,0.494159130626612,0.494159130626612
496.416139034043,0.484336346401655,0.484336346401655,0.484336346401655,0.484336346401655
497.369895197171,0.467571848282459,0.467571848282459,0.467571848282459,0.467571848282459
498.309003927501,0.444496955216247,0.444496955216247,0.444496955216247,0.444496955216247
499.195534068572,0.417456062586827,0.417456062586827,0.417456062586827,0.417456062586827
500.018332019915,0.388936533340781,0.388936533340781,0.388936533340781,0.388936533340781
500.790501293302,0.360582032365292,0.360582032365292,0.360582032365292,0.360582032365292
501.517077169996,0.333985233469627,0.333985233469627,0.333985233469627,0.333985233469627
502.197513750629,0.310549106010295,0.310549106010295,0.310549106010295,0.310549106010295
502.838791242751,0.290959769435589,0.290959769435589,0.290959769435589,0.290959769435589
503.459870251422,0.275262354528614,0.275262354528614,0.275262354528614,0.275262354528614
504.080949260093,0.263514717800605,0.263514717800605,0.263514717800605,0.263514717800605
504.699495771129,0.256172422997112,0.256172422997112,0.256172422997112,0.256172422997112
505.302390916403,0.253299723468425,0.253299723468425,0.253299723468425,0.253299723468425
505.904527815202,0.254462419309701,0.254462419309701,0.254462419309701,0.254462419309701
506.506664714001,0.259255358790992,0.259255358790992,0.259255358790992,0.259255358790992
507.108801612799,0.26716174108115,0.26716174108115,0.26716174108115,0.26716174108115
507.932805580949,0.282028119006534,0.282028119006534,0.282028119006534,0.282028119006534
508.756809549099,0.300375797904322,0.300375797904322,0.300375797904322,0.300375797904322
509.580813517249,0.321077505294,0.321077505294,0.321077505294,0.321077505294
510.404817485399,0.34320318681397,0.34320318681397,0.34320318681397,0.34320318681397
511.460246065133,0.372385717386945,0.372385717386945,0.372385717386945,0.372385717386945
512.515674644868,0.401195460142951,0.401195460142951,0.401195460142951,0.401195460142951
513.571103224603,0.428313824008325,0.428313824008325,0.428313824008325,0.428313824008325
514.626531804338,0.452478021414398,0.452478021414398,0.452478021414398,0.452478021414398
515.625255653387,0.47153076924369,0.47153076924369,0.47153076924369,0.47153076924369
516.594061324293,0.485545391176294,0.485545391176294,0.485545391176294,0.485545391176294
517.547612702368,0.494256885373921,0.494256885373921,0.494256885373921,0.494256885373921
518.501164080443,0.497237843172712,0.497237843172712,0.497237843172712,0.497237843172712
519.454715458518,0.493901208579044,0.493901208579044,0.493901208579044,0.493901208579044
520.408266836594,0.483808559102114,0.483808559102114,0.483808559102114,0.483808559102114
521.361818214669,0.466776704320354,0.466776704320354,0.466776704320354,0.466776704320354
522.299271741537,0.443501675698447,0.443501675698447,0.443501675698447,0.443501675698447
523.183465783625,0.416356471901256,0.416356471901256,0.416356471901256,0.416356471901256
524.00401094721,0.387815759664449,0.387815759664449,0.387815759664449,0.387815759664449
524.774414272225,0.35949820921134,0.35949820921134,0.35949820921134,0.35949820921134
525.499192147293,0.333001783043189,0.333001783043189,0.333001783043189,0.333001783043189
526.177823568484,0.309710698638064,0.309710698638064,0.309710698638064,0.309710698638064
526.817877935123,0.290275203578792,0.290275203578792,0.290275203578792,0.290275203578792
527.438650777237,0.274728036260266,0.274728036260266,0.274728036260266,0.274728036260266
528.059423619351,0.263149455470934,0.263149455470934,0.263149455470934,0.263149455470934
528.677467060935,0.255982944557489,0.255982944557489,0.255982944557489,0.255982944557489
529.279892327864,0.253272251575803,0.253272251575803,0.253272251575803,0.253272251575803
529.882317594792,0.254582660350269,0.254582660350269,0.254582660350269,0.254582660350269
530.484742861721,0.259508475276142,0.259508475276142,0.259508475276142,0.259508475276142
531.087168128649,0.267529416164269,0.267529416164269,0.267529416164269,0.267529416164269
531.917301394546,0.282639640751353,0.282639640751353,0.282639640751353,0.282639640751353
532.747434660444,0.301238220356621,0.301238220356621,0.301238220356621,0.301238220356621
533.577567926341,0.322181083536927,0.322181083536927,0.322181083536927,0.322181083536927
534.407701192239,0.34452567005688,0.34452567005688,0.34452567005688,0.34452567005688
535.468597558478,0.373872466321837,0.373872466321837,0.373872466321837,0.373872466321837
536.529493924717,0.402772882057704,0.402772882057704,0.402772882057704,0.402772882057704
537.590390290956,0.429891570452444,0.429891570452444,0.429891570452444,0.429891570452444
538.651286657195,0.453948908129726,0.453948908129726,0.453948908129726,0.453948908129726
539.645790829617,0.472633254062584,0.472633254062584,0.472633254062584,0.472633254062584
540.612719542944,0.486296393400423,0.486296393400423,0.486296393400423,0.486296393400423
541.565981970988,0.494641940517372,0.494641940517372,0.494641940517372,0.494641940517372
542.519244399032,0.49721782951874,0.49721782951874,0.49721782951874,0.49721782951874
543.472506827076,0.49344534398005,0.49344534398005,0.49344534398005,0.49344534398005
544.42576925512,0.482899364956506,0.482899364956506,0.482899364956506,0.482899364956506
545.379031683164,0.465419070220173,0.465419070220173,0.465419070220173,0.465419070220173
546.313611211265,0.441815586935451,0.441815586935451,0.441815586935451,0.441815586935451
547.193864172551,0.414503049513751,0.414503049513751,0.414503049513751,0.414503049513751
548.010688212774,0.3859315743381,0.3859315743381,0.3859315743381,0.3859315743381
548.778139626708,0.357681581174027,0.357681581174027,0.357681581174027,0.357681581174027
549.499894262063,0.331358685341201,0.331358685341201,0.331358685341201,0.331358685341201
550.175528983255,0.308313266607757,0.308313266607757,0.308313266607757,0.308313266607757
550.81359800479,0.289136440859968,0.289136440859968,0.289136440859968,0.289136440859968
551.433932145782,0.273842239137075,0.273842239137075,0.273842239137075,0.273842239137075
552.054266286775,0.262548182675519,0.262548182675519,0.262548182675519,0.262548182675519
552.671405878621,0.255678220900926,0.255678220900926,0.255678220900926,0.255678220900926
553.27310039853,0.253239097663805,0.253239097663805,0.253239097663805,0.253239097663805
553.87479491844,0.254790698357282,0.254790698357282,0.254790698357282,0.254790698357282
554.47648943835,0.259918757191466,0.259918757191466,0.259918757191466,0.259918757191466
555.078183958259,0.268100722429759,0.268100722429759,0.268100722429759,0.268100722429759
555.918006086706,0.283591900430667,0.283591900430667,0.283591900430667,0.283591900430667
556.757828215152,0.302582963679449,0.302582963679449,0.302582963679449,0.302582963679449
557.597650343599,0.323902944974263,0.323902944974263,0.323902944974263,0.323902944974263
558.437472472045,0.346589133042885,0.346589133042885,0.346589133042885,0.346589133042885
559.506876199684,0.37618514674114,0.37618514674114,0.37618514674114,0.37618514674114
560.576279927322,0.405217813176295,0.405217813176295,0.405217813176295,0.405217813176295
561.645683654961,0.432325234692522,0.432325234692522,0.432325234692522,0.432325234692522
562.715087382599,0.456201421394407,0.456201421394407,0.456201421394407,0.456201421394407
563.703893594844,0.474322387461644,0.474322387461644,0.474322387461644,0.474322387461644
564.668174934848,0.487432326248175,0.487432326248175,0.487432326248175,0.487432326248175
565.621108346456,0.495196525436543,0.495196525436543,0.495196525436543,0.495196525436543
566.574041758065,0.497128817885773,0.497128817885773,0.497128817885773,0.497128817885773
567.526975169673,0.492663867097937,0.492663867097937,0.492663867097937,0.492663867097937
568.479908581282,0.481398355247728,0.481398355247728,0.481398355247728,0.481398355247728
569.43284199289,0.463208300070712,0.463208300070712,0.463208300070712,0.463208300070712
570.36263091838,0.439103658526382,0.439103658526382,0.439103658526382,0.439103658526382
571.236596415181,0.411545508235636,0.411545508235636,0.411545508235636,0.411545508235636
572.047667144491,0.382937732288633,0.382937732288633,0.382937732288633,0.382937732288633
572.810461214992,0.354809305365045,0.354809305365045,0.354809305365045,0.354809305365045
573.527407626119,0.328774367172472,0.328774367172472,0.328774367172472,0.328774367172472
574.198397680232,0.306123241895996,0.306123241895996,0.306123241895996,0.306123241895996
574.833501203068,0.287357491501648,0.287357491501648,0.287357491501648,0.287357491501648
575.453327285742,0.272466697185909,0.272466697185909,0.272466697185909,0.272466697185909
576.073153368417,0.261625993361368,0.261625993361368,0.261625993361368,0.261625993361368
576.688724674927,0.25522955343666,0.25522955343666,0.25522955343666,0.25522955343666
577.289426262831,0.253220275618173,0.253220275618173,0.253220275618173,0.253220275618173
577.890127850735,0.255153955520477,0.255153955520477,0.255153955520477,0.255153955520477
578.490829438639,0.260603164076435,0.260603164076435,0.260603164076435,0.260603164076435
579.091531026543,0.269041955010948,0.269041955010948,0.269041955010948,0.269041955010948
579.947294835363,0.285157145876397,0.285157145876397,0.285157145876397,0.285157145876397
580.803058644182,0.30478947215182,0.30478947215182,0.30478947215182,0.30478947215182
581.658822453001,0.326723245507886,0.326723245507886,0.326723245507886,0.326723245507886
582.514586261821,0.34996193396232,0.34996193396232,0.34996193396232,0.34996193396232
583.597705802415,0.379943048068284,0.379943048068284,0.379943048068284,0.379943048068284
584.680825343009,0.409164224772454,0.409164224772454,0.409164224772454,0.409164224772454
585.763944883603,0.436219648802715,0.436219648802715,0.436219648802715,0.436219648802715
586.835825220705,0.459538729951638,0.459538729951638,0.459538729951638,0.459538729951638
587.818236658142,0.476827200697694,0.476827200697694,0.476827200697694,0.476827200697694
588.779095389943,0.489078488947938,0.489078488947938,0.489078488947938,0.489078488947938
589.731791152718,0.495928718305593,0.495928718305593,0.495928718305593,0.495928718305593
590.684486915492,0.496849376022332,0.496849376022332,0.496849376022332,0.496849376022332
591.637182678267,0.491296677570579,0.491296677570579,0.491296677570579,0.491296677570579
592.589878441041,0.478903430063925,0.478903430063925,0.478903430063925,0.478903430063925
593.542574203815,0.459606940031668,0.459606940031668,0.459606940031668,0.459606940031668
594.464340195113,0.434767205584404,0.434767205584404,0.434767205584404,0.434767205584404
595.328325390651,0.4068750503696,0.4068750503696,0.4068750503696,0.4068750503696
596.130716916252,0.378242071175071,0.378242071175071,0.378242071175071,0.378242071175071
596.886251977633,0.350340117637712,0.350340117637712,0.350340117637712,0.350340117637712
597.595636982694,0.324786500863669,0.324786500863669,0.324786500863669,0.324786500863669
598.259707324324,0.302760693367786,0.302760693367786,0.302760693367786,0.302760693367786
598.890649060075,0.284639991368198,0.284639991368198,0.284639991368198,0.284639991368198
599.510111547079,0.27038764043061,0.27038764043061,0.27038764043061,0.27038764043061
600.129574034082,0.260262916064351,0.260262916064351,0.260262916064351,0.260262916064351
600.742441132734,0.254613648858177,0.254613648858177,0.254613648858177,0.254613648858177
601.342059806213,0.253276063004447,0.253276063004447,0.253276063004447,0.253276063004447
601.941678479692,0.255808331094653,0.255808331094653,0.255808331094653,0.255808331094653
602.541297153171,0.261763256982627,0.261763256982627,0.261763256982627,0.261763256982627
603.278980987749,0.272999011790435,0.272999011790435,0.272999011790435,0.272999011790435
604.181490027451,0.291247907354789,0.291247907354789,0.291247907354789,0.291247907354789
605.083999067153,0.312939770940898,0.312939770940898,0.312939770940898,0.312939770940898
605.986508106854,0.336745467887684,0.336745467887684,0.336745467887684,0.336745467887684
606.889017146556,0.361579312243777,0.361579312243777,0.361579312243777,0.361579312243777
608.014604825154,0.392590555091374,0.392590555091374,0.392590555091374,0.392590555091374
609.140192503752,0.422124765049977,0.422124765049977,0.422124765049977,0.422124765049977
610.26578018235,0.448634168228487,0.448634168228487,0.448634168228487,0.448634168228487
611.273438610342,0.46858672793331,0.46858672793331,0.46858672793331,0.46858672793331
612.247798136951,0.483507959342742,0.483507959342742,0.483507959342742,0.483507959342742
613.202413055781,0.493150565117685,0.493150565117685,0.493150565117685,0.493150565117685
614.155926404062,0.497160375161484,0.497160375161484,0.497160375161484,0.497160375161484
615.109439752342,0.494945360691069,0.494945360691069,0.494945360691069,0.494945360691069
616.062953100623,0.486035821603093,0.486035821603093,0.486035821603093,0.486035821603093
617.016466448903,0.470194276825297,0.470194276825297,0.470194276825297,0.470194276825297
617.96082295419,0.447824002656106,0.447824002656106,0.447824002656106,0.447824002656106
618.855199447712,0.421163480249132,0.421163480249132,0.421163480249132,0.421163480249132
619.685861351511,0.392731528451258,0.392731528451258,0.392731528451258,0.392731528451258
620.464081463681,0.364269534752393,0.364269534752393,0.364269534752393,0.364269534752393
621.196748938172,0.337348783252759,0.337348783252759,0.337348783252759,0.337348783252759
621.883397048009,0.313428661527618,0.313428661527618,0.313428661527618,0.313428661527618
622.529039756198,0.293318653729357,0.293318653729357,0.293318653729357,0.293318653729357
623.151413879722,0.277113070924328,0.277113070924328,0.277113070924328,0.277113070924328
623.772062020025,0.264821674187062,0.264821674187062,0.264821674187062,0.264821674187062
624.392076597466,0.256875810769973,0.256875810769973,0.256875810769973,0.256875810769973
624.996773978481,0.253439158564566,0.253439158564566,0.253439158564566,0.253439158564566
625.597435620064,0.254087392933428,0.254087392933428,0.254087392933428,0.254087392933428
626.198097261647,0.258409880441271,0.258409880441271,0.258409880441271,0.258409880441271
626.79875890323,0.265904018546473,0.265904018546473,0.265904018546473,0.265904018546473
627.602016865296,0.279934831759007,0.279934831759007,0.279934831759007,0.279934831759007
628.57716124602,0.301507165795358,0.301507165795358,0.301507165795358,0.301507165795358
629.534251824659,0.325825144320422,0.325825144320422,0.325825144320422,0.325825144320422
630.491342403297,0.351824500944292,0.351824500944292,0.351824500944292,0.351824500944292
631.448432981935,0.378329015521004,0.378329015521004,0.378329015521004,0.378329015521004
632.610572938519,0.409700153907471,0.409700153907471,0.409700153907471,0.409700153907471
633.772712895102,0.438548773914153,0.438548773914153,0.438548773914153,0.438548773914153
634.832668515158,0.461253158798012,0.461253158798012,0.461253158798012,0.461253158798012
635.809815228256,0.478068498970853,0.478068498970853,0.478068498970853,0.478068498970853
636.76918953596,0.489874223249223,0.489874223249223,0.489874223249223,0.489874223249223
637.721877264572,0.496245456530338,0.496245456530338,0.496245456530338,0.496245456530338
638.674564993183,0.496636242149026,0.496636242149026,0.496636242149026,0.496636242149026
639.627252721795,0.490514435685133,0.490514435685133,0.490514435685133,0.490514435685133
640.579940450407,0.477532773153396,0.477532773153396,0.477532773153396,0.477532773153396
641.532628179018,0.45766238293208,0.45766238293208,0.45766238293208,0.45766238293208
642.449986202185,0.432463634189112,0.432463634189112,0.432463634189112,0.432463634189112
643.307773596217,0.404454080903153,0.404454080903153,0.404454080903153,0.404454080903153
644.105786808092,0.375825401091003,0.375825401091003,0.375825401091003,0.375825401091003
644.857467884604,0.348061876727127,0.348061876727127,0.348061876727127,0.348061876727127
645.56295148456,0.322769437340652,0.322769437340652,0.322769437340652,0.322769437340652
646.223685347859,0.301066558108297,0.301066558108297,0.301066558108297,0.301066558108297
646.852731412096,0.283277519601801,0.283277519601801,0.283277519601801,0.283277519601801
647.472191769709,0.269356949610634,0.269356949610634,0.269356949610634,0.269356949610634
648.091652127321,0.25960321023492,0.25960321023492,0.25960321023492,0.25960321023492
648.703060531902,0.254339243646778,0.254339243646778,0.254339243646778,0.254339243646778
649.30237640194,0.253346333240215,0.253346333240215,0.253346333240215,0.253346333240215
649.901692271977,0.256186830897178,0.256186830897178,0.256186830897178,0.256186830897178
650.501008142015,0.262403688779283,0.262403688779283,0.262403688779283,0.262403688779283
651.248503517599,0.274079023845576,0.274079023845576,0.274079023845576,0.274079023845576
652.165937666693,0.292943591776173,0.292943591776173,0.292943591776173,0.292943591776173
653.083371815787,0.315240956792883,0.315240956792883,0.315240956792883,0.315240956792883
654.000805964881,0.339601460148549,0.339601460148549,0.339601460148549,0.339601460148549
654.918240113975,0.364906416263326,0.364906416263326,0.364906416263326,0.364906416263326
656.053645007804,0.396100814149246,0.396100814149246,0.396100814149246,0.396100814149246
657.189049901632,0.425607401702533,0.425607401702533,0.425607401702533,0.425607401702533
658.310891227,0.451557268847422,0.451557268847422,0.451557268847422,0.451557268847422
659.307478442593,0.470756108110613,0.470756108110613,0.470756108110613,0.470756108110613
660.277630267556,0.48501308817813,0.48501308817813,0.48501308817813,0.48501308817813
661.231420336274,0.493976053848842,0.493976053848842,0.493976053848842,0.493976053848842
662.185210404992,0.497235302880174,0.497235302880174,0.497235302880174,0.497235302880174
663.13900047371,0.494198070994981,0.494198070994981,0.494198070994981,0.494198070994981
664.092790542428,0.484416966571711,0.484416966571711,0.484416966571711,0.484416966571711
665.046580611147,0.467693785282334,0.467693785282334,0.467693785282334,0.467693785282334
665.985941186548,0.444650106309941,0.444650106309941,0.444650106309941,0.444650106309941
666.872831365297,0.417625639084639,0.417625639084639,0.417625639084639,0.417625639084639
667.695979828247,0.389109571243347,0.389109571243347,0.389109571243347,0.389109571243347
668.468422498285,0.360749578505841,0.360749578505841,0.360749578505841,0.360749578505841
669.19527597269,0.334137472812493,0.334137472812493,0.334137472812493,0.334137472812493
669.875992604092,0.31067903013498,0.31067903013498,0.31067903013498,0.31067903013498
670.517461680735,0.291065943534331,0.291065943534331,0.291065943534331,0.291065943534331
671.138591007118,0.275345342538293,0.275345342538293,0.275345342538293,0.275345342538293
671.7597203335,0.263571613630913,0.263571613630913,0.263571613630913,0.263571613630913
672.378342082283,0.256202222392736,0.256202222392736,0.256202222392736,0.256202222392736
672.981311976909,0.253304476195146,0.253304476195146,0.253304476195146,0.253304476195146
673.583371549454,0.254444190155851,0.254444190155851,0.254444190155851,0.254444190155851
674.185431121999,0.259216047717873,0.259216047717873,0.259216047717873,0.259216047717873
674.787490694545,0.267103884427302,0.267103884427302,0.267103884427302,0.267103884427302
675.610535451214,0.281931933626654,0.281931933626654,0.281931933626654,0.281931933626654
676.433580207884,0.300240185406596,0.300240185406596,0.300240185406596,0.300240185406596
677.256624964554,0.320903983507551,0.320903983507551,0.320903983507551,0.320903983507551
678.079669721223,0.342995215656814,0.342995215656814,0.342995215656814,0.342995215656814
679.134238580073,0.372151627026398,0.372151627026398,0.372151627026398,0.372151627026398
680.188807438923,0.400946724902992,0.400946724902992,0.400946724902992,0.400946724902992
681.243376297773,0.428064529600894,0.428064529600894,0.428064529600894,0.428064529600894
682.297945156622,0.452244891549179,0.452244891549179,0.452244891549179,0.452244891549179
683.297374056829,0.471356121273391,0.471356121273391,0.471356121273391,0.471356121273391
684.266487952635,0.485425786662528,0.485425786662528,0.485425786662528,0.485425786662528
685.220090520538,0.494194334485458,0.494194334485458,0.494194334485458,0.494194334485458
686.173693088442,0.497238436296451,0.497238436296451,0.497238436296451,0.497238436296451
687.127295656345,0.493969739773343,0.493969739773343,0.493969739773343,0.493969739773343
688.080898224248,0.483947775555482,0.483947775555482,0.483947775555482,0.483947775555482
689.034500792151,0.466985921647669,0.466985921647669,0.466985921647669,0.466985921647669
689.972391946074,0.443762983348746,0.443762983348746,0.443762983348746,0.443762983348746
690.857198670443,0.416644760377813,0.416644760377813,0.416644760377813,0.416644760377813
691.678331128708,0.388109389818937,0.388109389818937,0.388109389818937,0.388109389818937
692.449196317767,0.359781926305397,0.359781926305397,0.359781926305397,0.359781926305397
693.174445246826,0.33325899717544,0.33325899717544,0.33325899717544,0.33325899717544
693.853548072672,0.309929829847119,0.309929829847119,0.309929829847119,0.309929829847119
694.493919876562,0.290454027739111,0.290454027739111,0.290454027739111,0.290454027739111
695.114769626248,0.27486748366241,0.27486748366241,0.27486748366241,0.27486748366241
695.735619375934,0.263244600975592,0.263244600975592,0.263244600975592,0.263244600975592
696.353797200439,0.256031990201852,0.256031990201852,0.256031990201852,0.256031990201852
696.956343121677,0.253278888964264,0.253278888964264,0.253278888964264,0.253278888964264
697.558864806958,0.254551511964265,0.254551511964265,0.254551511964265,0.254551511964265
698.161386492238,0.259445377384265,0.259445377384265,0.259445377384265,0.259445377384265
698.763908177519,0.267440636759869,0.267440636759869,0.267440636759869,0.267440636759869
699.592540438954,0.282491616719062,0.282491616719062,0.282491616719062,0.282491616719062
700.421172700389,0.301029127674763,0.301029127674763,0.301029127674763,0.301029127674763
701.249804961824,0.32191324082694,0.32191324082694,0.32191324082694,0.32191324082694
702.078437223258,0.344204486997019,0.344204486997019,0.344204486997019,0.344204486997019
703.138006161347,0.37351169778893,0.37351169778893,0.37351169778893,0.37351169778893
704.197575099435,0.402390499954446,0.402390499954446,0.402390499954446,0.402390499954446
705.257144037523,0.429509637397369,0.429509637397369,0.429509637397369,0.429509637397369
706.316712975611,0.453593582741902,0.453593582741902,0.453593582741902,0.453593582741902
707.312200326159,0.472366850766093,0.472366850766093,0.472366850766093,0.472366850766093
708.279571740182,0.486115576796179,0.486115576796179,0.486115576796179,0.486115576796179
709.232898591752,0.494550487188394,0.494550487188394,0.494550487188394,0.494550487188394
710.186225443321,0.497225300413526,0.497225300413526,0.497225300413526,0.497225300413526
711.139552294891,0.493559258929306,0.493559258929306,0.493559258929306,0.493559258929306
712.09287914646,0.483123966505839,0.483123966505839,0.483123966505839,0.483123966505839
713.04620599803,0.465753081018331,0.465753081018331,0.465753081018331,0.465753081018331
713.981497854142,0.442228893579982,0.442228893579982,0.442228893579982,0.442228893579982
714.862714807304,0.414956306200056,0.414956306200056,0.414956306200056,0.414956306200056
715.680440280755,0.386391782450721,0.386391782450721,0.386391782450721,0.386391782450721
716.448610937109,0.358124655416897,0.358124655416897,0.358124655416897,0.358124655416897
717.171104117283,0.331758823023352,0.331758823023352,0.331758823023352,0.331758823023352
717.847466020059,0.308653204143017,0.308653204143017,0.308653204143017,0.308653204143017
718.486011628222,0.289413195407313,0.289413195407313,0.289413195407313,0.289413195407313
719.106444247104,0.274057154602736,0.274057154602736,0.274057154602736,0.274057154602736
719.726876865985,0.262693558550672,0.262693558550672,0.262693558550672,0.262693558550672
720.344243629905,0.255751052271841,0.255751052271841,0.255751052271841,0.255751052271841
720.946109481782,0.253245682963689,0.253245682963689,0.253245682963689,0.253245682963689
721.547975333659,0.254738439005651,0.254738439005651,0.254738439005651,0.254738439005651
722.149841185536,0.259817125829094,0.259817125829094,0.259817125829094,0.259817125829094
722.751707037413,0.267959735391101,0.267959735391101,0.267959735391101,0.267959735391101
723.589137314263,0.283357026860459,0.283357026860459,0.283357026860459,0.283357026860459
724.426567591113,0.302251419521021,0.302251419521021,0.302251419521021,0.302251419521021
725.263997867963,0.323478607157711,0.323478607157711,0.323478607157711,0.323478607157711
726.101428144812,0.346080882184724,0.346080882184724,0.346080882184724,0.346080882184724
727.168741281277,0.375616374907472,0.375616374907472,0.375616374907472,0.375616374907472
728.236054417741,0.40461757009721,0.40461757009721,0.40461757009721,0.40461757009721
729.303367554205,0.431729146733909,0.431729146733909,0.431729146733909,0.431729146733909
730.370680690669,0.45565161103355,0.45565161103355,0.45565161103355,0.45565161103355
731.360792688758,0.473910111608218,0.473910111608218,0.473910111608218,0.473910111608218
732.325694860365,0.487156830150847,0.487156830150847,0.487156830150847,0.487156830150847
733.278695957733,0.495065351707202,0.495065351707202,0.495065351707202,0.495065351707202
734.231697055102,0.497157422172418,0.497157422172418,0.497157422172418,0.497157422172418
735.18469815247,0.492864364463466,0.492864364463466,0.492864364463466,0.492864364463466
736.137699249838,0.48177736811465,0.48177736811465,0.48177736811465,0.48177736811465
737.090700347206,0.463763152825267,0.463763152825267,0.463763152825267,0.463763152825267
738.021703040008,0.439780524265173,0.439780524265173,0.439780524265173,0.439780524265173
738.89723129756,0.412281049791744,0.412281049791744,0.412281049791744,0.412281049791744
739.709712706259,0.383680835659375,0.383680835659375,0.383680835659375,0.383680835659375
740.473659815154,0.355520589855607,0.355520589855607,0.355520589855607,0.355520589855607
741.191800405659,0.329412787221946,0.329412787221946,0.329412787221946,0.329412787221946
741.863928413323,0.306663401380155,0.306663401380155,0.306663401380155,0.306663401380155
742.499745881074,0.287795610124151,0.287795610124151,0.287795610124151,0.287795610124151
743.11967703436,0.272804478047192,0.272804478047192,0.272804478047192,0.272804478047192
743.739608187647,0.261851067050614,0.261851067050614,0.261851067050614,0.261851067050614
744.355582354391,0.255336853782813,0.255336853782813,0.255336853782813,0.255336853782813
744.956509938135,0.253221043190716,0.253221043190716,0.253221043190716,0.253221043190716
745.55743752188,0.255059976483965,0.255059976483965,0.255059976483965,0.255059976483965
746.158365105624,0.260429444833767,0.260429444833767,0.260429444833767,0.260429444833767
746.759292689369,0.268804324367108,0.268804324367108,0.268804324367108,0.268804324367108
747.611040129092,0.284762501309334,0.284762501309334,0.284762501309334,0.284762501309334
748.462787568815,0.304233707230887,0.304233707230887,0.304233707230887,0.304233707230887
749.314535008539,0.326013570917382,0.326013570917382,0.326013570917382,0.326013570917382
750.166282448262,0.349114156761651,0.349114156761651,0.349114156761651,0.349114156761651
751.245987291992,0.37900137957047,0.37900137957047,0.37900137957047,0.37900137957047
752.325692135723,0.408178684697358,0.408178684697358,0.408178684697358,0.408178684697358
753.405396979453,0.435251308955416,0.435251308955416,0.435251308955416,0.435251308955416
754.483117193052,0.458841650296096,0.458841650296096,0.458841650296096,0.458841650296096
755.466472032536,0.476301251879175,0.476301251879175,0.476301251879175,0.476301251879175
756.427999362524,0.488737056705702,0.488737056705702,0.488737056705702,0.488737056705702
757.38072040729,0.495784792928349,0.495784792928349,0.495784792928349,0.495784792928349
758.333441452055,0.496924011815621,0.496924011815621,0.496924011815621,0.496924011815621
759.28616249682,0.491606204859533,0.491606204859533,0.491606204859533,0.491606204859533
760.238883541586,0.479456167799122,0.479456167799122,0.479456167799122,0.479456167799122
761.191604586351,0.4603976055544,0.4603976055544,0.4603976055544,0.4603976055544
762.115150137808,0.435711178227238,0.435711178227238,0.435711178227238,0.435711178227238
762.981356266091,0.407883892655102,0.407883892655102,0.407883892655102,0.407883892655102
763.785587146636,0.379252909199421,0.379252909199421,0.379252909199421,0.379252909199421
764.542679826907,0.351298566550388,0.351298566550388,0.351298566550388,0.351298566550388
765.253695113769,0.325638313367609,0.325638313367609,0.325638313367609,0.325638313367609
765.91921212055,0.303477360417672,0.303477360417672,0.303477360417672,0.303477360417672
766.550997946896,0.285217728984309,0.285217728984309,0.285217728984309,0.285217728984309
767.170496868085,0.270827174938805,0.270827174938805,0.270827174938805,0.270827174938805
767.789995789273,0.260547667871367,0.260547667871367,0.260547667871367,0.260547667871367
768.403463816716,0.254737165392813,0.254737165392813,0.254737165392813,0.254737165392813
769.003262601532,0.253255104760277,0.253255104760277,0.253255104760277,0.253255104760277
769.603061386348,0.255658413243539,0.255658413243539,0.255658413243539,0.255658413243539
770.202860171163,0.261504076670511,0.261504076670511,0.261504076670511,0.261504076670511
770.936608764795,0.272560646479597,0.272560646479597,0.272560646479597,0.272560646479597
771.832828062713,0.290553113904819,0.290553113904819,0.290553113904819,0.290553113904819
772.729047360632,0.31199068746903,0.31199068746903,0.31199068746903,0.31199068746903
773.625266658551,0.335561424773768,0.335561424773768,0.335561424773768,0.335561424773768
774.52148595647,0.360193444897267,0.360193444897267,0.360193444897267,0.360193444897267
775.642633300018,0.391112540473687,0.391112540473687,0.391112540473687,0.391112540473687
776.763780643566,0.42064213315414,0.42064213315414,0.42064213315414,0.42064213315414
777.884927987114,0.447249459653404,0.447249459653404,0.447249459653404,0.447249459653404
778.898462198273,0.46756442034461,0.46756442034461,0.46756442034461,0.46756442034461
779.874970899939,0.482791484477866,0.482791484477866,0.482791484477866,0.482791484477866
780.83005563331,0.49274305895812,0.49274305895812,0.49274305895812,0.49274305895812
781.783378719643,0.497092968581713,0.497092968581713,0.497092968581713,0.497092968581713
782.736701805977,0.495252392093783,0.495252392093783,0.495252392093783,0.495252392093783
783.69002489231,0.486742017588472,0.486742017588472,0.486742017588472,0.486742017588472
784.643347978644,0.471307279747518,0.471307279747518,0.471307279747518,0.471307279747518
785.589835200768,0.449257750159589,0.449257750159589,0.449257750159589,0.449257750159589
786.487604712205,0.422777044374556,0.422777044374556,0.422777044374556,0.422777044374556
787.321826762224,0.394391118364116,0.394391118364116,0.394391118364116,0.394391118364116
788.10273492865,0.365890551275169,0.365890551275169,0.365890551275169,0.365890551275169
788.838070929065,0.338835916208011,0.338835916208011,0.338835916208011,0.338835916208011
789.527460245166,0.314708518259262,0.314708518259262,0.314708518259262,0.314708518259262
790.175115836611,0.294370966406789,0.294370966406789,0.294370966406789,0.294370966406789
790.798185153273,0.27794308164318,0.27794308164318,0.27794308164318,0.27794308164318
791.418591003307,0.265417774326626,0.265417774326626,0.265417774326626,0.265417774326626
792.038996853341,0.257210027908996,0.257210027908996,0.257210027908996,0.257210027908996
792.644559608249,0.253522619200282,0.253522619200282,0.253522619200282,0.253522619200282
793.2447376607,0.253943841601343,0.253943841601343,0.253943841601343,0.253943841601343
793.84491571315,0.258059696934712,0.258059696934712,0.258059696934712,0.258059696934712
794.4450937656,0.265373830104241,0.265373830104241,0.265373830104241,0.265373830104241
795.239694929118,0.279051047220904,0.279051047220904,0.279051047220904,0.279051047220904
796.209234665467,0.30029938287894,0.30029938287894,0.30029938287894,0.30029938287894
797.167682779306,0.324528002065288,0.324528002065288,0.324528002065288,0.324528002065288
798.126130893146,0.350508887275346,0.350508887275346,0.350508887275346,0.350508887275346
799.084579006985,0.377051079949557,0.377051079949557,0.377051079949557,0.377051079949557
800.245031767678,0.408443012049794,0.408443012049794,0.408443012049794,0.408443012049794
801.405484528371,0.437389710186247,0.437389710186247,0.437389710186247,0.437389710186247
802.47278552279,0.460428407751275,0.460428407751275,0.460428407751275,0.460428407751275
803.450537465556,0.477443508280645,0.477443508280645,0.477443508280645,0.477443508280645
804.410634603796,0.489475322564551,0.489475322564551,0.489475322564551,0.489475322564551
805.363317302525,0.496090098812184,0.496090098812184,0.496090098812184,0.496090098812184
806.316000001254,0.496750259140937,0.496750259140937,0.496750259140937,0.496750259140937
807.268682699983,0.49091770673334,0.49091770673334,0.49091770673334,0.49091770673334
808.221365398712,0.478234954904296,0.478234954904296,0.478234954904296,0.478234954904296
809.174048097441,0.458655786903397,0.458655786903397,0.458655786903397,0.458655786903397
810.093662942322,0.433637313642992,0.433637313642992,0.433637313642992,0.433637313642992
810.954581035618,0.405686013479844,0.405686013479844,0.405686013479844,0.405686013479844
811.754807487339,0.377053866922225,0.377053866922225,0.377053866922225,0.377053866922225
812.508520473141,0.349215826073125,0.349215826073125,0.349215826073125,0.349215826073125
813.215987155466,0.32378966358675,0.32378966358675,0.32378966358675,0.32378966358675
813.878389924214,0.301923021828553,0.301923021828553,0.301923021828553,0.301923021828553
814.508376414318,0.283965735865232,0.283965735865232,0.283965735865232,0.283965735865232
815.127823413093,0.269876515446981,0.269876515446981,0.269876515446981,0.269876515446981
815.747270411869,0.259934311137852,0.259934311137852,0.259934311137852,0.259934311137852
816.35942210433,0.254474835581282,0.254474835581282,0.254474835581282,0.254474835581282
816.95886871005,0.253307105589855,0.253307105589855,0.253307105589855,0.253307105589855
817.558315315771,0.255991163467054,0.255991163467054,0.255991163467054,0.255991163467054
818.157761921492,0.262074937635404,0.262074937635404,0.262074937635404,0.262074937635404
818.900205031199,0.273525144692363,0.273525144692363,0.273525144692363,0.273525144692363
819.810095719428,0.292077050278757,0.292077050278757,0.292077050278757,0.292077050278757
820.719986407656,0.3140678843521,0.3140678843521,0.3140678843521,0.3140678843521
821.629877095885,0.338148404705059,0.338148404705059,0.338148404705059,0.338148404705059
822.539767784113,0.363216637958451,0.363216637958451,0.363216637958451,0.363216637958451
823.670339806147,0.394324843797567,0.394324843797567,0.394324843797567,0.394324843797567
824.800911828181,0.423852342829529,0.423852342829529,0.423852342829529,0.423852342829529
825.928239444633,0.45016479908524,0.45016479908524,0.45016479908524,0.45016479908524
826.929844736754,0.469720426765506,0.469720426765506,0.469720426765506,0.469720426765506
827.901945768219,0.484297282503126,0.484297282503126,0.484297282503126,0.484297282503126
828.856100616566,0.493588956557346,0.493588956557346,0.493588956557346,0.493588956557346
829.809853394068,0.497211612753825,0.497211612753825,0.497211612753825,0.497211612753825
830.763606171571,0.494570782948755,0.494570782948755,0.494570782948755,0.494570782948755
831.717358949073,0.485208003508619,0.485208003508619,0.485208003508619,0.485208003508619
832.671111726576,0.468905798465603,0.468905798465603,0.468905798465603,0.468905798465603
833.612930207907,0.446180586252443,0.446180586252443,0.446180586252443,0.446180586252443
834.503424834272,0.419325925195316,0.419325925195316,0.419325925195316,0.419325925195316
835.330135760373,0.390847430235774,0.390847430235774,0.390847430235774,0.390847430235774
836.105336718513,0.362435424056135,0.362435424056135,0.362435424056135,0.362435424056135
836.83497871786,0.335672421537206,0.335672421537206,0.335672421537206,0.335672421537206
837.518526010283,0.311991115547052,0.311991115547052,0.311991115547052,0.311991115547052
838.16195922039,0.292139543559236,0.292139543559236,0.292139543559236,0.292139543559236
838.783639843738,0.276186192794858,0.276186192794858,0.276186192794858,0.276186192794858
839.40457062524,0.264162436894415,0.264162436894415,0.264162436894415,0.264162436894415
840.023900678529,0.256516276852621,0.256516276852621,0.256516276852621,0.256516276852621
840.627668394859,0.25336112651738,0.25336112651738,0.25336112651738,0.25336112651738
841.228997667687,0.254265400361675,0.254265400361675,0.254265400361675,0.254265400361675
841.830326940516,0.258821640428359,0.258821640428359,0.258821640428359,0.258821640428359
842.431656213344,0.266520188592335,0.266520188592335,0.266520188592335,0.266520188592335
843.245046613171,0.280960939894379,0.280960939894379,0.280960939894379,0.280960939894379
844.225241850356,0.302868660807039,0.302868660807039,0.302868660807039,0.302868660807039
845.181118286035,0.327289804448983,0.327289804448983,0.327289804448983,0.327289804448983
846.136994721715,0.35331486279208,0.35331486279208,0.35331486279208,0.35331486279208
847.092871157394,0.379782616755365,0.379782616755365,0.379782616755365,0.379782616755365
848.256702548155,0.411120379590652,0.411120379590652,0.411120379590652,0.411120379590652
849.416976709129,0.439766500834594,0.439766500834594,0.439766500834594,0.439766500834594
